model,feature_category,score_to_predict,MSE,RMSE,MAE,EVS,R2
SGDRegressor,overall,overall_score,1.9872642556687584e+29,445787421947811.2,393870996538011.7,-4.391764550257826e+28,-2.0006354968173675e+29
ElasticNet,overall,overall_score,0.33833450618398636,0.5816652870715137,0.4451417384295146,0.6597894995965528,0.6593890213951079
GradientBoostingRegressor,overall,overall_score,0.27723616784642013,0.5265322096951146,0.413641850233026,0.7218171471103314,0.7208984578608473
SVR,overall,overall_score,0.2859306253231726,0.5347248127057249,0.40472005383085125,0.7121877730391712,0.7121455000174495
DecisionTreeRegressor,overall,overall_score,0.5096952908587258,0.713929471907923,0.4487534626038781,0.48690614136732346,0.4868752414059483
RandomForestRegressor,overall,overall_score,0.2832545706371191,0.5322166576095858,0.41698060941828247,0.7156136052529936,0.7148395604480495
LinearRegression,overall,overall_score,0.3406741111890755,0.5836729488241471,0.44725281171272446,0.6570903904567531,0.6570336744359097
KernelRidge,overall,overall_score,0.3175539846469959,0.5635192850710576,0.4344724611252794,0.6805055152861361,0.6803093639769706
BayesianRidge,overall,overall_score,0.31355440896516373,0.5599592922393232,0.430614590315502,0.6846845407925574,0.6843358506701499
