model,feature_category,score_to_predict,MSE,RMSE,MAE,EVS,R2
SGDRegressor,overall,overall_score,3.422467969214811e+29,585018629550787.1,546809478971596.6,-4.5917633175705855e+28,-3.633883735951495e+29
ElasticNet,overall,overall_score,0.46800109907225435,0.6841060583507899,0.5250432945443595,0.5042306939662721,0.503089116502014
GradientBoostingRegressor,overall,overall_score,0.3827407662493463,0.6186604611976962,0.4774642540073616,0.5961324775301544,0.5936162272168173
SVR,overall,overall_score,0.44637660766159004,0.6681142175269061,0.5049745446523548,0.5410865517047436,0.5260494154273139
DecisionTreeRegressor,overall,overall_score,0.6861111111111111,0.8283182426526118,0.575,0.2852777322628215,0.2715058168114042
RandomForestRegressor,overall,overall_score,0.3734994444444444,0.611146009104571,0.4769444444444444,0.606633789939374,0.6034284122562674
LinearRegression,overall,overall_score,0.3605964235568732,0.6004968139439819,0.46907038920577093,0.6192746293149474,0.6171284901444308
KernelRidge,overall,overall_score,0.4043261563189888,0.6358664610741699,0.4884812178866317,0.5736210443054093,0.5706974450357123
BayesianRidge,overall,overall_score,0.4118261806029875,0.6417368468484472,0.493816869200376,0.5648349850811507,0.5627341225123121
