model,feature_category,score_to_predict,MSE,RMSE,MAE,EVS,R2
SGDRegressor,overall,overall_score,2.565885534655469e+28,160183817367906.1,146787064268677.88,-1.8690694247269767e+27,-1.0840522750686355e+28
ElasticNet,overall,overall_score,0.6948564925588367,0.8335805255395766,0.6429131280788534,0.7064537286969783,0.7064324376785722
GradientBoostingRegressor,overall,overall_score,0.6091156267971696,0.7804586003095677,0.588704810176375,0.742841937755848,0.742656805188314
SVR,overall,overall_score,0.6521178634848401,0.807538149863423,0.6232874835839692,0.7252136885408063,0.7244889360902216
DecisionTreeRegressor,overall,overall_score,1.1176470588235294,1.0571882797418488,0.7310924369747899,0.528210194123263,0.5278090856051767
RandomForestRegressor,overall,overall_score,0.6030896358543417,0.7765884597741212,0.5806162464985994,0.7452049346292564,0.7452027056592765
LinearRegression,overall,overall_score,0.7286702654739631,0.8536218515677554,0.6223996941693276,0.6925467010317752,0.6921465714689485
KernelRidge,overall,overall_score,0.6416328191972951,0.8010198619243439,0.6009006239780348,0.7289221486177502,0.7289187268819745
BayesianRidge,overall,overall_score,0.6584863021838094,0.811471689083365,0.6112227373953876,0.7218065150435907,0.721798356028481
